Expense_ID,Department_ID,Expense_Date,Expense_Type,Amount
EXP00001,D001,2025-01-13,Software,48000
EXP00002,D001,2025-01-27,Salary,28000
EXP00003,D001,2025-01-19,Travel,103000
EXP00004,D001,2025-01-07,Salary,139000
EXP00005,D001,2025-01-14,Salary,32000
EXP00006,D001,2025-01-08,Maintenance,27000
EXP00007,D001,2025-01-14,Travel,151000
EXP00008,D001,2025-01-04,Salary,154000
EXP00009,D001,2025-01-21,Marketing,171000
EXP00010,D001,2025-01-19,Salary,157000
EXP00011,D001,2025-01-08,Maintenance,22000
EXP00012,D001,2025-01-28,Salary,152000
EXP00013,D001,2025-01-14,Utilities,84000
EXP00014,D001,2025-01-04,Utilities,148000
EXP00015,D001,2025-01-27,Training,153000
EXP00016,D002,2025-01-19,Utilities,36000
EXP00017,D002,2025-01-04,Marketing,105000
EXP00018,D002,2025-01-02,Travel,154000
EXP00019,D002,2025-01-22,Marketing,137000
EXP00020,D002,2025-01-15,Maintenance,90000
EXP00021,D002,2025-01-10,Office Supplies,102000
EXP00022,D002,2025-01-23,Marketing,56000
EXP00023,D002,2025-01-19,Marketing,30000
EXP00024,D002,2025-01-16,Training,144000
EXP00025,D002,2025-01-15,Software,196000
EXP00026,D002,2025-01-03,Training,165000
EXP00027,D002,2025-01-14,Travel,141000
EXP00028,D002,2025-01-05,Utilities,97000
EXP00029,D002,2025-01-02,Office Supplies,117000
EXP00030,D002,2025-01-19,Travel,152000
EXP00031,D003,2025-01-23,Software,97000
EXP00032,D003,2025-01-16,Software,162000
EXP00033,D003,2025-01-27,Office Supplies,27000
EXP00034,D003,2025-01-16,Travel,79000
EXP00035,D003,2025-01-24,Travel,25000
EXP00036,D003,2025-01-19,Training,175000
EXP00037,D003,2025-01-23,Office Supplies,82000
EXP00038,D003,2025-01-12,Maintenance,181000
EXP00039,D003,2025-01-12,Salary,128000
EXP00040,D003,2025-01-04,Utilities,166000
EXP00041,D003,2025-01-07,Office Supplies,25000
EXP00042,D003,2025-01-24,Training,43000
EXP00043,D003,2025-01-13,Marketing,111000
EXP00044,D003,2025-01-06,Office Supplies,30000
EXP00045,D003,2025-01-18,Office Supplies,112000
EXP00046,D004,2025-01-27,Training,45000
EXP00047,D004,2025-01-09,Maintenance,150000
EXP00048,D004,2025-01-22,Maintenance,101000
EXP00049,D004,2025-01-05,Maintenance,69000
EXP00050,D004,2025-01-05,Travel,55000
EXP00051,D004,2025-01-08,Marketing,178000
EXP00052,D004,2025-01-27,Salary,134000
EXP00053,D004,2025-01-10,Utilities,77000
EXP00054,D004,2025-01-14,Salary,47000
EXP00055,D004,2025-01-19,Software,166000
EXP00056,D004,2025-01-23,Software,42000
EXP00057,D004,2025-01-28,Salary,126000
EXP00058,D004,2025-01-13,Maintenance,111000
EXP00059,D004,2025-01-16,Maintenance,36000
EXP00060,D004,2025-01-07,Maintenance,25000
EXP00061,D005,2025-01-15,Travel,63000
EXP00062,D005,2025-01-11,Utilities,38000
EXP00063,D005,2025-01-01,Salary,36000
EXP00064,D005,2025-01-04,Utilities,147000
EXP00065,D005,2025-01-01,Software,167000
EXP00066,D005,2025-01-20,Travel,63000
EXP00067,D005,2025-01-21,Maintenance,48000
EXP00068,D005,2025-01-20,Training,98000
EXP00069,D005,2025-01-04,Software,131000
EXP00070,D005,2025-01-15,Travel,134000
EXP00071,D005,2025-01-10,Office Supplies,133000
EXP00072,D005,2025-01-04,Travel,46000
EXP00073,D005,2025-01-09,Software,199000
EXP00074,D005,2025-01-06,Office Supplies,187000
EXP00075,D005,2025-01-17,Salary,62000
EXP00076,D006,2025-01-23,Software,47000
EXP00077,D006,2025-01-10,Salary,145000
EXP00078,D006,2025-01-28,Travel,188000
EXP00079,D006,2025-01-12,Training,142000
EXP00080,D006,2025-01-25,Utilities,101000
EXP00081,D006,2025-01-18,Marketing,146000
EXP00082,D006,2025-01-08,Software,172000
EXP00083,D006,2025-01-27,Marketing,71000
EXP00084,D006,2025-01-26,Maintenance,199000
EXP00085,D006,2025-01-17,Marketing,61000
EXP00086,D006,2025-01-24,Office Supplies,101000
EXP00087,D006,2025-01-26,Salary,17000
EXP00088,D006,2025-01-09,Training,130000
EXP00089,D006,2025-01-20,Marketing,187000
EXP00090,D006,2025-01-26,Software,124000
EXP00091,D007,2025-01-03,Software,103000
EXP00092,D007,2025-01-08,Marketing,36000
EXP00093,D007,2025-01-11,Office Supplies,60000
EXP00094,D007,2025-01-20,Marketing,133000
EXP00095,D007,2025-01-21,Salary,132000
EXP00096,D007,2025-01-03,Software,174000
EXP00097,D007,2025-01-26,Travel,109000
EXP00098,D007,2025-01-06,Marketing,132000
EXP00099,D007,2025-01-11,Maintenance,172000
EXP00100,D007,2025-01-13,Travel,194000
EXP00101,D007,2025-01-24,Office Supplies,112000
EXP00102,D007,2025-01-06,Travel,195000
EXP00103,D007,2025-01-01,Utilities,42000
EXP00104,D007,2025-01-15,Utilities,161000
EXP00105,D007,2025-01-27,Utilities,166000
EXP00106,D008,2025-01-12,Office Supplies,178000
EXP00107,D008,2025-01-18,Utilities,150000
EXP00108,D008,2025-01-01,Utilities,15000
EXP00109,D008,2025-01-24,Travel,144000
EXP00110,D008,2025-01-28,Utilities,121000
EXP00111,D008,2025-01-01,Marketing,64000
EXP00112,D008,2025-01-10,Training,64000
EXP00113,D008,2025-01-11,Marketing,160000
EXP00114,D008,2025-01-14,Training,149000
EXP00115,D008,2025-01-24,Utilities,25000
EXP00116,D008,2025-01-22,Software,127000
EXP00117,D008,2025-01-05,Maintenance,138000
EXP00118,D008,2025-01-17,Utilities,144000
EXP00119,D008,2025-01-25,Salary,122000
EXP00120,D008,2025-01-01,Utilities,165000
EXP00121,D001,2025-02-05,Utilities,54000
EXP00122,D001,2025-02-24,Office Supplies,168000
EXP00123,D001,2025-02-02,Travel,152000
EXP00124,D001,2025-02-17,Software,184000
EXP00125,D001,2025-02-18,Office Supplies,37000
EXP00126,D001,2025-02-07,Salary,73000
EXP00127,D001,2025-02-25,Training,20000
EXP00128,D001,2025-02-15,Travel,139000
EXP00129,D001,2025-02-15,Salary,26000
EXP00130,D001,2025-02-17,Software,166000
EXP00131,D001,2025-02-09,Marketing,187000
EXP00132,D001,2025-02-18,Office Supplies,140000
EXP00133,D001,2025-02-08,Office Supplies,139000
EXP00134,D001,2025-02-07,Training,153000
EXP00135,D001,2025-02-14,Office Supplies,45000
EXP00136,D002,2025-02-15,Travel,110000
EXP00137,D002,2025-02-22,Software,28000
EXP00138,D002,2025-02-03,Marketing,119000
EXP00139,D002,2025-02-10,Marketing,181000
EXP00140,D002,2025-02-23,Travel,49000
EXP00141,D002,2025-02-09,Software,46000
EXP00142,D002,2025-02-08,Utilities,129000
EXP00143,D002,2025-02-16,Travel,111000
EXP00144,D002,2025-02-27,Utilities,180000
EXP00145,D002,2025-02-23,Marketing,51000
EXP00146,D002,2025-02-13,Maintenance,141000
EXP00147,D002,2025-02-07,Software,117000
EXP00148,D002,2025-02-03,Software,91000
EXP00149,D002,2025-02-11,Software,14000
EXP00150,D002,2025-02-23,Office Supplies,122000
EXP00151,D003,2025-02-11,Salary,108000
EXP00152,D003,2025-02-03,Training,141000
EXP00153,D003,2025-02-04,Travel,68000
EXP00154,D003,2025-02-09,Travel,77000
EXP00155,D003,2025-02-09,Salary,56000
EXP00156,D003,2025-02-28,Utilities,118000
EXP00157,D003,2025-02-05,Training,113000
EXP00158,D003,2025-02-11,Office Supplies,189000
EXP00159,D003,2025-02-02,Travel,81000
EXP00160,D003,2025-02-03,Utilities,118000
EXP00161,D003,2025-02-21,Training,14000
EXP00162,D003,2025-02-03,Travel,76000
EXP00163,D003,2025-02-09,Marketing,27000
EXP00164,D003,2025-02-01,Travel,126000
EXP00165,D003,2025-02-14,Software,151000
EXP00166,D004,2025-02-05,Training,169000
EXP00167,D004,2025-02-23,Salary,144000
EXP00168,D004,2025-02-06,Marketing,38000
EXP00169,D004,2025-02-06,Training,22000
EXP00170,D004,2025-02-21,Marketing,89000
EXP00171,D004,2025-02-25,Training,145000
EXP00172,D004,2025-02-15,Marketing,84000
EXP00173,D004,2025-02-12,Utilities,79000
EXP00174,D004,2025-02-02,Salary,74000
EXP00175,D004,2025-02-24,Salary,14000
EXP00176,D004,2025-02-16,Marketing,141000
EXP00177,D004,2025-02-04,Marketing,124000
EXP00178,D004,2025-02-16,Maintenance,178000
EXP00179,D004,2025-02-10,Maintenance,139000
EXP00180,D004,2025-02-11,Marketing,68000
EXP00181,D005,2025-02-24,Marketing,190000
EXP00182,D005,2025-02-12,Utilities,113000
EXP00183,D005,2025-02-01,Salary,43000
EXP00184,D005,2025-02-24,Travel,170000
EXP00185,D005,2025-02-06,Training,120000
EXP00186,D005,2025-02-22,Salary,31000
EXP00187,D005,2025-02-22,Maintenance,139000
EXP00188,D005,2025-02-08,Training,163000
EXP00189,D005,2025-02-15,Training,21000
EXP00190,D005,2025-02-09,Utilities,50000
EXP00191,D005,2025-02-09,Office Supplies,10000
EXP00192,D005,2025-02-18,Software,94000
EXP00193,D005,2025-02-02,Software,72000
EXP00194,D005,2025-02-12,Training,65000
EXP00195,D005,2025-02-11,Utilities,10000
EXP00196,D006,2025-02-16,Maintenance,31000
EXP00197,D006,2025-02-21,Training,138000
EXP00198,D006,2025-02-17,Marketing,73000
EXP00199,D006,2025-02-09,Salary,33000
EXP00200,D006,2025-02-13,Travel,46000
EXP00201,D006,2025-02-01,Salary,110000
EXP00202,D006,2025-02-21,Training,87000
EXP00203,D006,2025-02-19,Marketing,31000
EXP00204,D006,2025-02-23,Utilities,178000
EXP00205,D006,2025-02-24,Maintenance,93000
EXP00206,D006,2025-02-10,Office Supplies,48000
EXP00207,D006,2025-02-27,Utilities,21000
EXP00208,D006,2025-02-23,Maintenance,197000
EXP00209,D006,2025-02-25,Utilities,144000
EXP00210,D006,2025-02-19,Salary,185000
EXP00211,D007,2025-02-01,Marketing,31000
EXP00212,D007,2025-02-21,Salary,44000
EXP00213,D007,2025-02-13,Software,36000
EXP00214,D007,2025-02-02,Office Supplies,152000
EXP00215,D007,2025-02-18,Salary,170000
EXP00216,D007,2025-02-09,Marketing,135000
EXP00217,D007,2025-02-26,Salary,126000
EXP00218,D007,2025-02-18,Travel,138000
EXP00219,D007,2025-02-17,Travel,178000
EXP00220,D007,2025-02-16,Travel,198000
EXP00221,D007,2025-02-28,Training,29000
EXP00222,D007,2025-02-24,Training,70000
EXP00223,D007,2025-02-24,Marketing,69000
EXP00224,D007,2025-02-28,Office Supplies,136000
EXP00225,D007,2025-02-16,Maintenance,29000
EXP00226,D008,2025-02-20,Training,21000
EXP00227,D008,2025-02-20,Marketing,29000
EXP00228,D008,2025-02-09,Utilities,94000
EXP00229,D008,2025-02-19,Training,169000
EXP00230,D008,2025-02-16,Utilities,13000
EXP00231,D008,2025-02-09,Salary,134000
EXP00232,D008,2025-02-07,Travel,187000
EXP00233,D008,2025-02-23,Office Supplies,84000
EXP00234,D008,2025-02-15,Training,128000
EXP00235,D008,2025-02-18,Office Supplies,40000
EXP00236,D008,2025-02-03,Marketing,89000
EXP00237,D008,2025-02-10,Office Supplies,14000
EXP00238,D008,2025-02-27,Office Supplies,29000
EXP00239,D008,2025-02-13,Office Supplies,78000
EXP00240,D008,2025-02-03,Marketing,63000
EXP00241,D001,2025-03-24,Travel,46000
EXP00242,D001,2025-03-05,Training,102000
EXP00243,D001,2025-03-23,Training,38000
EXP00244,D001,2025-03-16,Software,69000
EXP00245,D001,2025-03-01,Office Supplies,110000
EXP00246,D001,2025-03-16,Utilities,10000
EXP00247,D001,2025-03-10,Office Supplies,113000
EXP00248,D001,2025-03-12,Utilities,116000
EXP00249,D001,2025-03-04,Maintenance,90000
EXP00250,D001,2025-03-11,Software,10000
EXP00251,D001,2025-03-04,Software,111000
EXP00252,D001,2025-03-01,Marketing,192000
EXP00253,D001,2025-03-12,Training,74000
EXP00254,D001,2025-03-13,Travel,110000
EXP00255,D001,2025-03-14,Travel,102000
EXP00256,D002,2025-03-09,Training,22000
EXP00257,D002,2025-03-27,Travel,23000
EXP00258,D002,2025-03-05,Training,172000
EXP00259,D002,2025-03-14,Marketing,78000
EXP00260,D002,2025-03-25,Software,58000
EXP00261,D002,2025-03-01,Software,119000
EXP00262,D002,2025-03-18,Maintenance,151000
EXP00263,D002,2025-03-03,Marketing,194000
EXP00264,D002,2025-03-14,Salary,197000
EXP00265,D002,2025-03-25,Office Supplies,167000
EXP00266,D002,2025-03-28,Utilities,174000
EXP00267,D002,2025-03-02,Training,134000
EXP00268,D002,2025-03-16,Utilities,53000
EXP00269,D002,2025-03-10,Maintenance,97000
EXP00270,D002,2025-03-24,Training,75000
EXP00271,D003,2025-03-21,Training,113000
EXP00272,D003,2025-03-16,Marketing,87000
EXP00273,D003,2025-03-06,Maintenance,40000
EXP00274,D003,2025-03-07,Utilities,29000
EXP00275,D003,2025-03-08,Office Supplies,150000
EXP00276,D003,2025-03-25,Office Supplies,95000
EXP00277,D003,2025-03-05,Office Supplies,119000
EXP00278,D003,2025-03-03,Marketing,72000
EXP00279,D003,2025-03-18,Utilities,97000
EXP00280,D003,2025-03-08,Travel,91000
EXP00281,D003,2025-03-26,Software,76000
EXP00282,D003,2025-03-24,Marketing,15000
EXP00283,D003,2025-03-14,Maintenance,108000
EXP00284,D003,2025-03-09,Marketing,106000
EXP00285,D003,2025-03-16,Software,25000
EXP00286,D004,2025-03-12,Training,157000
EXP00287,D004,2025-03-17,Utilities,185000
EXP00288,D004,2025-03-09,Marketing,33000
EXP00289,D004,2025-03-13,Marketing,108000
EXP00290,D004,2025-03-10,Office Supplies,120000
EXP00291,D004,2025-03-02,Salary,42000
EXP00292,D004,2025-03-25,Maintenance,191000
EXP00293,D004,2025-03-16,Office Supplies,160000
EXP00294,D004,2025-03-13,Salary,28000
EXP00295,D004,2025-03-08,Office Supplies,124000
EXP00296,D004,2025-03-05,Travel,67000
EXP00297,D004,2025-03-22,Utilities,143000
EXP00298,D004,2025-03-23,Travel,194000
EXP00299,D004,2025-03-18,Office Supplies,31000
EXP00300,D004,2025-03-26,Salary,10000
EXP00301,D005,2025-03-19,Utilities,69000
EXP00302,D005,2025-03-23,Salary,175000
EXP00303,D005,2025-03-21,Training,42000
EXP00304,D005,2025-03-21,Training,145000
EXP00305,D005,2025-03-25,Maintenance,188000
EXP00306,D005,2025-03-03,Travel,35000
EXP00307,D005,2025-03-19,Training,144000
EXP00308,D005,2025-03-09,Marketing,109000
EXP00309,D005,2025-03-01,Marketing,163000
EXP00310,D005,2025-03-10,Salary,147000
EXP00311,D005,2025-03-11,Office Supplies,81000
EXP00312,D005,2025-03-17,Marketing,131000
EXP00313,D005,2025-03-08,Marketing,150000
EXP00314,D005,2025-03-23,Salary,115000
EXP00315,D005,2025-03-01,Training,24000
EXP00316,D006,2025-03-22,Marketing,137000
EXP00317,D006,2025-03-09,Maintenance,30000
EXP00318,D006,2025-03-14,Marketing,180000
EXP00319,D006,2025-03-16,Software,68000
EXP00320,D006,2025-03-11,Salary,188000
EXP00321,D006,2025-03-22,Maintenance,102000
EXP00322,D006,2025-03-01,Maintenance,60000
EXP00323,D006,2025-03-28,Training,199000
EXP00324,D006,2025-03-16,Travel,62000
EXP00325,D006,2025-03-25,Marketing,89000
EXP00326,D006,2025-03-15,Marketing,69000
EXP00327,D006,2025-03-25,Marketing,77000
EXP00328,D006,2025-03-20,Training,37000
EXP00329,D006,2025-03-06,Office Supplies,166000
EXP00330,D006,2025-03-14,Marketing,134000
EXP00331,D007,2025-03-05,Salary,162000
EXP00332,D007,2025-03-07,Maintenance,23000
EXP00333,D007,2025-03-05,Salary,162000
EXP00334,D007,2025-03-23,Maintenance,23000
EXP00335,D007,2025-03-13,Salary,57000
EXP00336,D007,2025-03-11,Office Supplies,192000
EXP00337,D007,2025-03-06,Travel,30000
EXP00338,D007,2025-03-06,Software,58000
EXP00339,D007,2025-03-10,Office Supplies,18000
EXP00340,D007,2025-03-11,Maintenance,105000
EXP00341,D007,2025-03-04,Office Supplies,53000
EXP00342,D007,2025-03-09,Salary,30000
EXP00343,D007,2025-03-14,Travel,99000
EXP00344,D007,2025-03-25,Travel,153000
EXP00345,D007,2025-03-12,Marketing,107000
EXP00346,D008,2025-03-03,Training,120000
EXP00347,D008,2025-03-16,Salary,190000
EXP00348,D008,2025-03-18,Marketing,105000
EXP00349,D008,2025-03-11,Office Supplies,59000
EXP00350,D008,2025-03-16,Software,198000
EXP00351,D008,2025-03-14,Salary,171000
EXP00352,D008,2025-03-25,Marketing,170000
EXP00353,D008,2025-03-13,Maintenance,20000
EXP00354,D008,2025-03-03,Salary,128000
EXP00355,D008,2025-03-07,Salary,75000
EXP00356,D008,2025-03-11,Travel,165000
EXP00357,D008,2025-03-11,Software,79000
EXP00358,D008,2025-03-24,Salary,77000
EXP00359,D008,2025-03-10,Software,80000
EXP00360,D008,2025-03-25,Salary,194000
EXP00361,D001,2025-04-27,Travel,16000
EXP00362,D001,2025-04-16,Marketing,37000
EXP00363,D001,2025-04-26,Office Supplies,108000
EXP00364,D001,2025-04-27,Training,120000
EXP00365,D001,2025-04-16,Office Supplies,43000
EXP00366,D001,2025-04-26,Utilities,12000
EXP00367,D001,2025-04-25,Training,187000
EXP00368,D001,2025-04-08,Utilities,165000
EXP00369,D001,2025-04-15,Software,91000
EXP00370,D001,2025-04-03,Software,162000
EXP00371,D001,2025-04-25,Marketing,110000
EXP00372,D001,2025-04-14,Utilities,73000
EXP00373,D001,2025-04-02,Travel,176000
EXP00374,D001,2025-04-18,Office Supplies,151000
EXP00375,D001,2025-04-14,Software,51000
EXP00376,D002,2025-04-09,Travel,28000
EXP00377,D002,2025-04-04,Travel,63000
EXP00378,D002,2025-04-23,Maintenance,137000
EXP00379,D002,2025-04-08,Office Supplies,54000
EXP00380,D002,2025-04-15,Utilities,116000
EXP00381,D002,2025-04-28,Marketing,147000
EXP00382,D002,2025-04-10,Travel,85000
EXP00383,D002,2025-04-09,Training,155000
EXP00384,D002,2025-04-24,Software,75000
EXP00385,D002,2025-04-15,Training,60000
EXP00386,D002,2025-04-08,Marketing,57000
EXP00387,D002,2025-04-10,Marketing,49000
EXP00388,D002,2025-04-03,Marketing,93000
EXP00389,D002,2025-04-08,Maintenance,74000
EXP00390,D002,2025-04-26,Marketing,176000
EXP00391,D003,2025-04-15,Travel,177000
EXP00392,D003,2025-04-01,Salary,36000
EXP00393,D003,2025-04-27,Office Supplies,69000
EXP00394,D003,2025-04-02,Office Supplies,105000
EXP00395,D003,2025-04-04,Training,69000
EXP00396,D003,2025-04-20,Salary,58000
EXP00397,D003,2025-04-12,Marketing,29000
EXP00398,D003,2025-04-20,Utilities,124000
EXP00399,D003,2025-04-01,Training,180000
EXP00400,D003,2025-04-20,Travel,173000
EXP00401,D003,2025-04-02,Software,65000
EXP00402,D003,2025-04-05,Software,97000
EXP00403,D003,2025-04-09,Salary,62000
EXP00404,D003,2025-04-24,Salary,163000
EXP00405,D003,2025-04-27,Marketing,12000
EXP00406,D004,2025-04-22,Software,114000
EXP00407,D004,2025-04-20,Software,57000
EXP00408,D004,2025-04-07,Training,29000
EXP00409,D004,2025-04-18,Salary,136000
EXP00410,D004,2025-04-14,Office Supplies,26000
EXP00411,D004,2025-04-22,Travel,111000
EXP00412,D004,2025-04-18,Utilities,173000
EXP00413,D004,2025-04-06,Travel,177000
EXP00414,D004,2025-04-09,Maintenance,188000
EXP00415,D004,2025-04-22,Maintenance,82000
EXP00416,D004,2025-04-02,Training,116000
EXP00417,D004,2025-04-12,Training,155000
EXP00418,D004,2025-04-01,Maintenance,116000
EXP00419,D004,2025-04-07,Software,174000
EXP00420,D004,2025-04-13,Maintenance,196000
EXP00421,D005,2025-04-14,Marketing,11000
EXP00422,D005,2025-04-04,Utilities,118000
EXP00423,D005,2025-04-19,Travel,113000
EXP00424,D005,2025-04-25,Software,127000
EXP00425,D005,2025-04-01,Utilities,43000
EXP00426,D005,2025-04-05,Salary,151000
EXP00427,D005,2025-04-19,Maintenance,32000
EXP00428,D005,2025-04-17,Software,198000
EXP00429,D005,2025-04-12,Utilities,47000
EXP00430,D005,2025-04-17,Training,51000
EXP00431,D005,2025-04-04,Utilities,27000
EXP00432,D005,2025-04-25,Maintenance,135000
EXP00433,D005,2025-04-05,Marketing,87000
EXP00434,D005,2025-04-11,Salary,133000
EXP00435,D005,2025-04-21,Salary,165000
EXP00436,D006,2025-04-23,Maintenance,32000
EXP00437,D006,2025-04-26,Utilities,173000
EXP00438,D006,2025-04-13,Marketing,168000
EXP00439,D006,2025-04-06,Marketing,131000
EXP00440,D006,2025-04-13,Marketing,20000
EXP00441,D006,2025-04-12,Utilities,108000
EXP00442,D006,2025-04-08,Travel,48000
EXP00443,D006,2025-04-18,Marketing,20000
EXP00444,D006,2025-04-27,Salary,180000
EXP00445,D006,2025-04-13,Software,40000
EXP00446,D006,2025-04-28,Office Supplies,150000
EXP00447,D006,2025-04-14,Training,176000
EXP00448,D006,2025-04-08,Training,159000
EXP00449,D006,2025-04-22,Maintenance,109000
EXP00450,D006,2025-04-17,Software,124000
EXP00451,D007,2025-04-01,Office Supplies,55000
EXP00452,D007,2025-04-16,Salary,168000
EXP00453,D007,2025-04-15,Office Supplies,70000
EXP00454,D007,2025-04-26,Office Supplies,55000
EXP00455,D007,2025-04-04,Office Supplies,112000
EXP00456,D007,2025-04-12,Travel,42000
EXP00457,D007,2025-04-03,Maintenance,103000
EXP00458,D007,2025-04-17,Office Supplies,139000
EXP00459,D007,2025-04-21,Salary,20000
EXP00460,D007,2025-04-24,Utilities,31000
EXP00461,D007,2025-04-17,Software,194000
EXP00462,D007,2025-04-25,Travel,23000
EXP00463,D007,2025-04-26,Maintenance,177000
EXP00464,D007,2025-04-28,Utilities,16000
EXP00465,D007,2025-04-24,Travel,167000
EXP00466,D008,2025-04-05,Travel,59000
EXP00467,D008,2025-04-26,Office Supplies,83000
EXP00468,D008,2025-04-26,Utilities,185000
EXP00469,D008,2025-04-27,Marketing,26000
EXP00470,D008,2025-04-25,Software,166000
EXP00471,D008,2025-04-11,Training,50000
EXP00472,D008,2025-04-05,Training,126000
EXP00473,D008,2025-04-16,Training,138000
EXP00474,D008,2025-04-09,Marketing,161000
EXP00475,D008,2025-04-12,Marketing,91000
EXP00476,D008,2025-04-06,Salary,60000
EXP00477,D008,2025-04-21,Maintenance,51000
EXP00478,D008,2025-04-11,Training,183000
EXP00479,D008,2025-04-26,Maintenance,53000
EXP00480,D008,2025-04-25,Training,39000
EXP00481,D001,2025-05-28,Salary,172000
EXP00482,D001,2025-05-18,Software,125000
EXP00483,D001,2025-05-18,Travel,74000
EXP00484,D001,2025-05-26,Maintenance,198000
EXP00485,D001,2025-05-13,Software,77000
EXP00486,D001,2025-05-05,Software,157000
EXP00487,D001,2025-05-25,Software,94000
EXP00488,D001,2025-05-08,Travel,123000
EXP00489,D001,2025-05-24,Utilities,167000
EXP00490,D001,2025-05-27,Salary,85000
EXP00491,D001,2025-05-21,Training,89000
EXP00492,D001,2025-05-01,Software,197000
EXP00493,D001,2025-05-05,Salary,66000
EXP00494,D001,2025-05-21,Training,167000
EXP00495,D001,2025-05-17,Maintenance,116000
EXP00496,D002,2025-05-05,Software,22000
EXP00497,D002,2025-05-20,Office Supplies,68000
EXP00498,D002,2025-05-02,Salary,15000
EXP00499,D002,2025-05-12,Salary,155000
EXP00500,D002,2025-05-17,Training,37000
EXP00501,D002,2025-05-08,Software,146000
EXP00502,D002,2025-05-10,Maintenance,159000
EXP00503,D002,2025-05-12,Utilities,62000
EXP00504,D002,2025-05-05,Office Supplies,50000
EXP00505,D002,2025-05-23,Salary,72000
EXP00506,D002,2025-05-04,Utilities,125000
EXP00507,D002,2025-05-05,Travel,173000
EXP00508,D002,2025-05-26,Training,112000
EXP00509,D002,2025-05-02,Training,12000
EXP00510,D002,2025-05-21,Software,162000
EXP00511,D003,2025-05-17,Office Supplies,164000
EXP00512,D003,2025-05-06,Office Supplies,73000
EXP00513,D003,2025-05-02,Salary,21000
EXP00514,D003,2025-05-06,Salary,113000
EXP00515,D003,2025-05-02,Marketing,50000
EXP00516,D003,2025-05-20,Travel,13000
EXP00517,D003,2025-05-14,Marketing,46000
EXP00518,D003,2025-05-20,Marketing,142000
EXP00519,D003,2025-05-06,Maintenance,166000
EXP00520,D003,2025-05-10,Training,26000
EXP00521,D003,2025-05-26,Salary,195000
EXP00522,D003,2025-05-18,Office Supplies,193000
EXP00523,D003,2025-05-28,Salary,106000
EXP00524,D003,2025-05-03,Maintenance,129000
EXP00525,D003,2025-05-08,Office Supplies,54000
EXP00526,D004,2025-05-08,Travel,76000
EXP00527,D004,2025-05-11,Salary,41000
EXP00528,D004,2025-05-02,Training,192000
EXP00529,D004,2025-05-18,Training,172000
EXP00530,D004,2025-05-26,Maintenance,185000
EXP00531,D004,2025-05-21,Training,85000
EXP00532,D004,2025-05-17,Marketing,31000
EXP00533,D004,2025-05-09,Salary,53000
EXP00534,D004,2025-05-06,Marketing,61000
EXP00535,D004,2025-05-13,Software,59000
EXP00536,D004,2025-05-08,Software,163000
EXP00537,D004,2025-05-23,Maintenance,171000
EXP00538,D004,2025-05-27,Office Supplies,130000
EXP00539,D004,2025-05-14,Salary,16000
EXP00540,D004,2025-05-10,Marketing,156000
EXP00541,D005,2025-05-20,Marketing,110000
EXP00542,D005,2025-05-06,Travel,154000
EXP00543,D005,2025-05-01,Utilities,18000
EXP00544,D005,2025-05-20,Travel,37000
EXP00545,D005,2025-05-05,Utilities,98000
EXP00546,D005,2025-05-02,Salary,17000
EXP00547,D005,2025-05-21,Utilities,187000
EXP00548,D005,2025-05-03,Salary,188000
EXP00549,D005,2025-05-28,Salary,26000
EXP00550,D005,2025-05-27,Software,61000
EXP00551,D005,2025-05-13,Travel,192000
EXP00552,D005,2025-05-07,Travel,73000
EXP00553,D005,2025-05-02,Marketing,38000
EXP00554,D005,2025-05-03,Salary,172000
EXP00555,D005,2025-05-04,Training,132000
EXP00556,D006,2025-05-26,Utilities,35000
EXP00557,D006,2025-05-11,Marketing,85000
EXP00558,D006,2025-05-09,Software,118000
EXP00559,D006,2025-05-09,Salary,99000
EXP00560,D006,2025-05-23,Training,22000
EXP00561,D006,2025-05-25,Software,92000
EXP00562,D006,2025-05-20,Office Supplies,83000
EXP00563,D006,2025-05-01,Salary,115000
EXP00564,D006,2025-05-25,Maintenance,142000
EXP00565,D006,2025-05-16,Travel,98000
EXP00566,D006,2025-05-19,Salary,147000
EXP00567,D006,2025-05-28,Marketing,192000
EXP00568,D006,2025-05-27,Travel,157000
EXP00569,D006,2025-05-14,Training,53000
EXP00570,D006,2025-05-07,Salary,144000
EXP00571,D007,2025-05-01,Training,23000
EXP00572,D007,2025-05-04,Software,135000
EXP00573,D007,2025-05-26,Office Supplies,187000
EXP00574,D007,2025-05-19,Utilities,136000
EXP00575,D007,2025-05-09,Software,141000
EXP00576,D007,2025-05-27,Utilities,82000
EXP00577,D007,2025-05-08,Marketing,189000
EXP00578,D007,2025-05-04,Office Supplies,52000
EXP00579,D007,2025-05-26,Travel,135000
EXP00580,D007,2025-05-11,Travel,170000
EXP00581,D007,2025-05-13,Software,34000
EXP00582,D007,2025-05-14,Maintenance,32000
EXP00583,D007,2025-05-07,Salary,105000
EXP00584,D007,2025-05-14,Training,77000
EXP00585,D007,2025-05-21,Utilities,107000
EXP00586,D008,2025-05-05,Marketing,127000
EXP00587,D008,2025-05-19,Salary,99000
EXP00588,D008,2025-05-05,Software,143000
EXP00589,D008,2025-05-18,Office Supplies,179000
EXP00590,D008,2025-05-15,Software,53000
EXP00591,D008,2025-05-25,Office Supplies,186000
EXP00592,D008,2025-05-08,Training,158000
EXP00593,D008,2025-05-15,Utilities,95000
EXP00594,D008,2025-05-07,Marketing,139000
EXP00595,D008,2025-05-25,Training,87000
EXP00596,D008,2025-05-05,Utilities,195000
EXP00597,D008,2025-05-11,Marketing,195000
EXP00598,D008,2025-05-08,Software,51000
EXP00599,D008,2025-05-09,Software,58000
EXP00600,D008,2025-05-22,Travel,52000
EXP00601,D001,2025-06-13,Travel,60000
EXP00602,D001,2025-06-26,Utilities,47000
EXP00603,D001,2025-06-10,Training,197000
EXP00604,D001,2025-06-07,Maintenance,80000
EXP00605,D001,2025-06-04,Travel,173000
EXP00606,D001,2025-06-13,Training,62000
EXP00607,D001,2025-06-01,Office Supplies,18000
EXP00608,D001,2025-06-23,Maintenance,121000
EXP00609,D001,2025-06-21,Marketing,138000
EXP00610,D001,2025-06-01,Training,128000
EXP00611,D001,2025-06-20,Utilities,75000
EXP00612,D001,2025-06-24,Maintenance,11000
EXP00613,D001,2025-06-23,Marketing,120000
EXP00614,D001,2025-06-22,Maintenance,68000
EXP00615,D001,2025-06-06,Marketing,183000
EXP00616,D002,2025-06-14,Travel,126000
EXP00617,D002,2025-06-21,Software,76000
EXP00618,D002,2025-06-08,Travel,117000
EXP00619,D002,2025-06-23,Maintenance,192000
EXP00620,D002,2025-06-28,Utilities,74000
EXP00621,D002,2025-06-15,Maintenance,133000
EXP00622,D002,2025-06-28,Salary,169000
EXP00623,D002,2025-06-22,Maintenance,142000
EXP00624,D002,2025-06-11,Utilities,177000
EXP00625,D002,2025-06-27,Salary,109000
EXP00626,D002,2025-06-02,Office Supplies,37000
EXP00627,D002,2025-06-07,Training,149000
EXP00628,D002,2025-06-26,Utilities,193000
EXP00629,D002,2025-06-12,Marketing,142000
EXP00630,D002,2025-06-15,Travel,157000
EXP00631,D003,2025-06-16,Marketing,193000
EXP00632,D003,2025-06-26,Salary,173000
EXP00633,D003,2025-06-11,Software,143000
EXP00634,D003,2025-06-15,Maintenance,199000
EXP00635,D003,2025-06-06,Marketing,185000
EXP00636,D003,2025-06-25,Maintenance,141000
EXP00637,D003,2025-06-20,Travel,196000
EXP00638,D003,2025-06-02,Software,173000
EXP00639,D003,2025-06-13,Training,80000
EXP00640,D003,2025-06-01,Maintenance,25000
EXP00641,D003,2025-06-14,Travel,117000
EXP00642,D003,2025-06-09,Software,158000
EXP00643,D003,2025-06-10,Travel,67000
EXP00644,D003,2025-06-08,Maintenance,144000
EXP00645,D003,2025-06-07,Maintenance,128000
EXP00646,D004,2025-06-25,Utilities,43000
EXP00647,D004,2025-06-07,Travel,172000
EXP00648,D004,2025-06-18,Office Supplies,174000
EXP00649,D004,2025-06-12,Marketing,47000
EXP00650,D004,2025-06-10,Maintenance,129000
EXP00651,D004,2025-06-12,Utilities,130000
EXP00652,D004,2025-06-23,Marketing,78000
EXP00653,D004,2025-06-09,Maintenance,185000
EXP00654,D004,2025-06-06,Maintenance,183000
EXP00655,D004,2025-06-26,Office Supplies,10000
EXP00656,D004,2025-06-08,Training,101000
EXP00657,D004,2025-06-16,Training,92000
EXP00658,D004,2025-06-20,Office Supplies,119000
EXP00659,D004,2025-06-12,Travel,178000
EXP00660,D004,2025-06-28,Utilities,87000
EXP00661,D005,2025-06-03,Maintenance,24000
EXP00662,D005,2025-06-17,Software,45000
EXP00663,D005,2025-06-19,Software,172000
EXP00664,D005,2025-06-01,Salary,178000
EXP00665,D005,2025-06-21,Marketing,28000
EXP00666,D005,2025-06-20,Training,74000
EXP00667,D005,2025-06-05,Travel,158000
EXP00668,D005,2025-06-25,Marketing,57000
EXP00669,D005,2025-06-26,Office Supplies,98000
EXP00670,D005,2025-06-13,Utilities,63000
EXP00671,D005,2025-06-23,Utilities,166000
EXP00672,D005,2025-06-18,Travel,181000
EXP00673,D005,2025-06-16,Training,60000
EXP00674,D005,2025-06-03,Marketing,145000
EXP00675,D005,2025-06-04,Office Supplies,181000
EXP00676,D006,2025-06-14,Travel,77000
EXP00677,D006,2025-06-16,Marketing,45000
EXP00678,D006,2025-06-02,Office Supplies,152000
EXP00679,D006,2025-06-05,Office Supplies,129000
EXP00680,D006,2025-06-16,Office Supplies,73000
EXP00681,D006,2025-06-20,Utilities,148000
EXP00682,D006,2025-06-27,Salary,51000
EXP00683,D006,2025-06-23,Software,129000
EXP00684,D006,2025-06-10,Office Supplies,180000
EXP00685,D006,2025-06-14,Office Supplies,105000
EXP00686,D006,2025-06-03,Maintenance,183000
EXP00687,D006,2025-06-12,Utilities,173000
EXP00688,D006,2025-06-20,Salary,15000
EXP00689,D006,2025-06-24,Salary,184000
EXP00690,D006,2025-06-17,Software,34000
EXP00691,D007,2025-06-25,Office Supplies,134000
EXP00692,D007,2025-06-07,Utilities,18000
EXP00693,D007,2025-06-05,Maintenance,170000
EXP00694,D007,2025-06-28,Software,34000
EXP00695,D007,2025-06-16,Software,97000
EXP00696,D007,2025-06-14,Marketing,82000
EXP00697,D007,2025-06-09,Software,118000
EXP00698,D007,2025-06-10,Salary,84000
EXP00699,D007,2025-06-13,Software,136000
EXP00700,D007,2025-06-09,Software,138000
EXP00701,D007,2025-06-21,Software,62000
EXP00702,D007,2025-06-11,Office Supplies,40000
EXP00703,D007,2025-06-23,Marketing,91000
EXP00704,D007,2025-06-19,Training,42000
EXP00705,D007,2025-06-13,Travel,20000
EXP00706,D008,2025-06-19,Maintenance,149000
EXP00707,D008,2025-06-10,Salary,112000
EXP00708,D008,2025-06-02,Travel,11000
EXP00709,D008,2025-06-20,Marketing,131000
EXP00710,D008,2025-06-18,Salary,138000
EXP00711,D008,2025-06-05,Maintenance,167000
EXP00712,D008,2025-06-02,Travel,64000
EXP00713,D008,2025-06-25,Office Supplies,170000
EXP00714,D008,2025-06-22,Utilities,35000
EXP00715,D008,2025-06-14,Utilities,19000
EXP00716,D008,2025-06-01,Travel,177000
EXP00717,D008,2025-06-26,Software,45000
EXP00718,D008,2025-06-23,Training,153000
EXP00719,D008,2025-06-06,Training,87000
EXP00720,D008,2025-06-11,Maintenance,18000
EXP00721,D001,2025-07-19,Salary,120000
EXP00722,D001,2025-07-19,Salary,137000
EXP00723,D001,2025-07-25,Salary,40000
EXP00724,D001,2025-07-23,Maintenance,157000
EXP00725,D001,2025-07-03,Maintenance,124000
EXP00726,D001,2025-07-13,Salary,184000
EXP00727,D001,2025-07-25,Utilities,131000
EXP00728,D001,2025-07-04,Maintenance,150000
EXP00729,D001,2025-07-16,Travel,174000
EXP00730,D001,2025-07-21,Marketing,48000
EXP00731,D001,2025-07-01,Salary,119000
EXP00732,D001,2025-07-22,Salary,185000
EXP00733,D001,2025-07-07,Travel,32000
EXP00734,D001,2025-07-16,Travel,43000
EXP00735,D001,2025-07-24,Salary,80000
EXP00736,D002,2025-07-24,Marketing,125000
EXP00737,D002,2025-07-12,Utilities,22000
EXP00738,D002,2025-07-25,Utilities,196000
EXP00739,D002,2025-07-21,Travel,85000
EXP00740,D002,2025-07-22,Office Supplies,127000
EXP00741,D002,2025-07-23,Training,23000
EXP00742,D002,2025-07-02,Salary,12000
EXP00743,D002,2025-07-22,Salary,176000
EXP00744,D002,2025-07-10,Travel,109000
EXP00745,D002,2025-07-20,Training,196000
EXP00746,D002,2025-07-20,Utilities,134000
EXP00747,D002,2025-07-12,Salary,90000
EXP00748,D002,2025-07-22,Office Supplies,130000
EXP00749,D002,2025-07-26,Utilities,47000
EXP00750,D002,2025-07-21,Travel,102000
EXP00751,D003,2025-07-26,Utilities,171000
EXP00752,D003,2025-07-13,Maintenance,132000
EXP00753,D003,2025-07-26,Office Supplies,79000
EXP00754,D003,2025-07-09,Software,84000
EXP00755,D003,2025-07-21,Salary,169000
EXP00756,D003,2025-07-24,Software,165000
EXP00757,D003,2025-07-20,Salary,48000
EXP00758,D003,2025-07-14,Training,159000
EXP00759,D003,2025-07-13,Marketing,106000
EXP00760,D003,2025-07-25,Maintenance,164000
EXP00761,D003,2025-07-10,Marketing,125000
EXP00762,D003,2025-07-09,Salary,92000
EXP00763,D003,2025-07-06,Training,118000
EXP00764,D003,2025-07-27,Salary,83000
EXP00765,D003,2025-07-05,Utilities,156000
EXP00766,D004,2025-07-22,Training,150000
EXP00767,D004,2025-07-18,Office Supplies,98000
EXP00768,D004,2025-07-18,Travel,148000
EXP00769,D004,2025-07-07,Office Supplies,107000
EXP00770,D004,2025-07-20,Marketing,89000
EXP00771,D004,2025-07-13,Salary,183000
EXP00772,D004,2025-07-07,Office Supplies,191000
EXP00773,D004,2025-07-25,Training,160000
EXP00774,D004,2025-07-15,Salary,108000
EXP00775,D004,2025-07-26,Travel,147000
EXP00776,D004,2025-07-08,Software,26000
EXP00777,D004,2025-07-17,Maintenance,158000
EXP00778,D004,2025-07-11,Training,143000
EXP00779,D004,2025-07-19,Office Supplies,139000
EXP00780,D004,2025-07-07,Marketing,58000
EXP00781,D005,2025-07-06,Marketing,33000
EXP00782,D005,2025-07-19,Training,102000
EXP00783,D005,2025-07-25,Software,113000
EXP00784,D005,2025-07-02,Utilities,73000
EXP00785,D005,2025-07-28,Office Supplies,105000
EXP00786,D005,2025-07-21,Travel,105000
EXP00787,D005,2025-07-05,Office Supplies,30000
EXP00788,D005,2025-07-01,Software,162000
EXP00789,D005,2025-07-17,Software,81000
EXP00790,D005,2025-07-02,Salary,34000
EXP00791,D005,2025-07-16,Marketing,154000
EXP00792,D005,2025-07-25,Marketing,76000
EXP00793,D005,2025-07-04,Training,119000
EXP00794,D005,2025-07-27,Office Supplies,161000
EXP00795,D005,2025-07-27,Utilities,75000
EXP00796,D006,2025-07-07,Salary,96000
EXP00797,D006,2025-07-03,Utilities,106000
EXP00798,D006,2025-07-02,Salary,23000
EXP00799,D006,2025-07-15,Software,190000
EXP00800,D006,2025-07-28,Office Supplies,26000
EXP00801,D006,2025-07-23,Maintenance,40000
EXP00802,D006,2025-07-11,Travel,75000
EXP00803,D006,2025-07-03,Marketing,174000
EXP00804,D006,2025-07-15,Maintenance,56000
EXP00805,D006,2025-07-08,Utilities,104000
EXP00806,D006,2025-07-02,Marketing,54000
EXP00807,D006,2025-07-02,Training,100000
EXP00808,D006,2025-07-09,Salary,22000
EXP00809,D006,2025-07-04,Office Supplies,24000
EXP00810,D006,2025-07-25,Utilities,91000
EXP00811,D007,2025-07-22,Salary,60000
EXP00812,D007,2025-07-19,Training,160000
EXP00813,D007,2025-07-04,Office Supplies,177000
EXP00814,D007,2025-07-12,Office Supplies,92000
EXP00815,D007,2025-07-04,Training,109000
EXP00816,D007,2025-07-13,Software,133000
EXP00817,D007,2025-07-08,Utilities,122000
EXP00818,D007,2025-07-01,Utilities,183000
EXP00819,D007,2025-07-07,Office Supplies,193000
EXP00820,D007,2025-07-27,Salary,50000
EXP00821,D007,2025-07-20,Marketing,29000
EXP00822,D007,2025-07-25,Software,45000
EXP00823,D007,2025-07-13,Office Supplies,34000
EXP00824,D007,2025-07-03,Salary,170000
EXP00825,D007,2025-07-11,Office Supplies,96000
EXP00826,D008,2025-07-04,Marketing,132000
EXP00827,D008,2025-07-11,Software,46000
EXP00828,D008,2025-07-02,Marketing,198000
EXP00829,D008,2025-07-15,Utilities,192000
EXP00830,D008,2025-07-28,Utilities,122000
EXP00831,D008,2025-07-14,Utilities,78000
EXP00832,D008,2025-07-05,Maintenance,73000
EXP00833,D008,2025-07-19,Salary,79000
EXP00834,D008,2025-07-26,Training,95000
EXP00835,D008,2025-07-16,Utilities,76000
EXP00836,D008,2025-07-15,Travel,91000
EXP00837,D008,2025-07-05,Office Supplies,39000
EXP00838,D008,2025-07-26,Salary,171000
EXP00839,D008,2025-07-16,Marketing,153000
EXP00840,D008,2025-07-09,Training,40000
EXP00841,D001,2025-08-14,Marketing,103000
EXP00842,D001,2025-08-08,Training,71000
EXP00843,D001,2025-08-10,Travel,109000
EXP00844,D001,2025-08-02,Maintenance,51000
EXP00845,D001,2025-08-21,Training,46000
EXP00846,D001,2025-08-26,Salary,123000
EXP00847,D001,2025-08-05,Software,140000
EXP00848,D001,2025-08-26,Office Supplies,10000
EXP00849,D001,2025-08-12,Training,57000
EXP00850,D001,2025-08-14,Maintenance,20000
EXP00851,D001,2025-08-19,Marketing,80000
EXP00852,D001,2025-08-27,Utilities,45000
EXP00853,D001,2025-08-25,Utilities,143000
EXP00854,D001,2025-08-06,Marketing,192000
EXP00855,D001,2025-08-03,Marketing,163000
EXP00856,D002,2025-08-24,Travel,165000
EXP00857,D002,2025-08-06,Office Supplies,80000
EXP00858,D002,2025-08-20,Marketing,45000
EXP00859,D002,2025-08-10,Marketing,159000
EXP00860,D002,2025-08-03,Marketing,12000
EXP00861,D002,2025-08-02,Maintenance,194000
EXP00862,D002,2025-08-10,Software,95000
EXP00863,D002,2025-08-01,Office Supplies,33000
EXP00864,D002,2025-08-05,Maintenance,132000
EXP00865,D002,2025-08-06,Training,73000
EXP00866,D002,2025-08-06,Software,19000
EXP00867,D002,2025-08-20,Software,157000
EXP00868,D002,2025-08-17,Salary,101000
EXP00869,D002,2025-08-03,Office Supplies,142000
EXP00870,D002,2025-08-23,Travel,101000
EXP00871,D003,2025-08-25,Marketing,92000
EXP00872,D003,2025-08-25,Maintenance,157000
EXP00873,D003,2025-08-28,Salary,84000
EXP00874,D003,2025-08-16,Travel,197000
EXP00875,D003,2025-08-01,Office Supplies,141000
EXP00876,D003,2025-08-08,Utilities,15000
EXP00877,D003,2025-08-20,Travel,67000
EXP00878,D003,2025-08-04,Utilities,52000
EXP00879,D003,2025-08-18,Training,74000
EXP00880,D003,2025-08-04,Salary,14000
EXP00881,D003,2025-08-01,Marketing,76000
EXP00882,D003,2025-08-08,Office Supplies,143000
EXP00883,D003,2025-08-12,Office Supplies,36000
EXP00884,D003,2025-08-06,Travel,193000
EXP00885,D003,2025-08-04,Salary,79000
EXP00886,D004,2025-08-19,Office Supplies,136000
EXP00887,D004,2025-08-04,Training,38000
EXP00888,D004,2025-08-05,Travel,113000
EXP00889,D004,2025-08-05,Marketing,68000
EXP00890,D004,2025-08-06,Office Supplies,111000
EXP00891,D004,2025-08-13,Salary,172000
EXP00892,D004,2025-08-27,Maintenance,162000
EXP00893,D004,2025-08-02,Salary,111000
EXP00894,D004,2025-08-13,Software,96000
EXP00895,D004,2025-08-23,Marketing,95000
EXP00896,D004,2025-08-26,Maintenance,154000
EXP00897,D004,2025-08-28,Software,112000
EXP00898,D004,2025-08-17,Salary,93000
EXP00899,D004,2025-08-12,Utilities,184000
EXP00900,D004,2025-08-22,Marketing,118000
EXP00901,D005,2025-08-04,Salary,103000
EXP00902,D005,2025-08-11,Utilities,27000
EXP00903,D005,2025-08-17,Maintenance,61000
EXP00904,D005,2025-08-05,Salary,67000
EXP00905,D005,2025-08-25,Maintenance,111000
EXP00906,D005,2025-08-02,Office Supplies,172000
EXP00907,D005,2025-08-28,Salary,18000
EXP00908,D005,2025-08-20,Training,183000
EXP00909,D005,2025-08-18,Training,170000
EXP00910,D005,2025-08-04,Salary,169000
EXP00911,D005,2025-08-17,Training,41000
EXP00912,D005,2025-08-08,Salary,121000
EXP00913,D005,2025-08-04,Salary,83000
EXP00914,D005,2025-08-21,Training,98000
EXP00915,D005,2025-08-02,Utilities,40000
EXP00916,D006,2025-08-15,Training,31000
EXP00917,D006,2025-08-04,Utilities,122000
EXP00918,D006,2025-08-14,Utilities,85000
EXP00919,D006,2025-08-08,Training,80000
EXP00920,D006,2025-08-18,Travel,199000
EXP00921,D006,2025-08-20,Training,126000
EXP00922,D006,2025-08-13,Marketing,176000
EXP00923,D006,2025-08-23,Marketing,150000
EXP00924,D006,2025-08-18,Software,127000
EXP00925,D006,2025-08-16,Training,166000
EXP00926,D006,2025-08-01,Office Supplies,89000
EXP00927,D006,2025-08-08,Marketing,95000
EXP00928,D006,2025-08-18,Marketing,141000
EXP00929,D006,2025-08-13,Maintenance,159000
EXP00930,D006,2025-08-06,Salary,100000
EXP00931,D007,2025-08-18,Marketing,92000
EXP00932,D007,2025-08-09,Software,135000
EXP00933,D007,2025-08-10,Training,65000
EXP00934,D007,2025-08-06,Salary,15000
EXP00935,D007,2025-08-28,Travel,165000
EXP00936,D007,2025-08-22,Software,122000
EXP00937,D007,2025-08-13,Salary,142000
EXP00938,D007,2025-08-24,Office Supplies,100000
EXP00939,D007,2025-08-08,Travel,143000
EXP00940,D007,2025-08-11,Utilities,116000
EXP00941,D007,2025-08-22,Software,45000
EXP00942,D007,2025-08-20,Marketing,167000
EXP00943,D007,2025-08-04,Training,142000
EXP00944,D007,2025-08-26,Office Supplies,78000
EXP00945,D007,2025-08-28,Utilities,115000
EXP00946,D008,2025-08-14,Travel,11000
EXP00947,D008,2025-08-13,Travel,137000
EXP00948,D008,2025-08-28,Utilities,116000
EXP00949,D008,2025-08-20,Training,169000
EXP00950,D008,2025-08-28,Travel,107000
EXP00951,D008,2025-08-15,Office Supplies,187000
EXP00952,D008,2025-08-12,Training,195000
EXP00953,D008,2025-08-13,Training,100000
EXP00954,D008,2025-08-11,Maintenance,175000
EXP00955,D008,2025-08-13,Salary,137000
EXP00956,D008,2025-08-06,Office Supplies,86000
EXP00957,D008,2025-08-14,Training,47000
EXP00958,D008,2025-08-08,Maintenance,158000
EXP00959,D008,2025-08-11,Travel,94000
EXP00960,D008,2025-08-07,Marketing,93000
EXP00961,D001,2025-09-01,Maintenance,12000
EXP00962,D001,2025-09-19,Salary,75000
EXP00963,D001,2025-09-18,Office Supplies,86000
EXP00964,D001,2025-09-20,Training,147000
EXP00965,D001,2025-09-27,Maintenance,142000
EXP00966,D001,2025-09-15,Maintenance,109000
EXP00967,D001,2025-09-20,Software,20000
EXP00968,D001,2025-09-01,Software,125000
EXP00969,D001,2025-09-08,Travel,144000
EXP00970,D001,2025-09-12,Travel,114000
EXP00971,D001,2025-09-18,Maintenance,176000
EXP00972,D001,2025-09-14,Utilities,58000
EXP00973,D001,2025-09-15,Office Supplies,112000
EXP00974,D001,2025-09-17,Software,187000
EXP00975,D001,2025-09-12,Travel,53000
EXP00976,D002,2025-09-03,Software,103000
EXP00977,D002,2025-09-06,Training,141000
EXP00978,D002,2025-09-10,Travel,177000
EXP00979,D002,2025-09-14,Software,140000
EXP00980,D002,2025-09-10,Utilities,144000
EXP00981,D002,2025-09-07,Marketing,139000
EXP00982,D002,2025-09-02,Maintenance,56000
EXP00983,D002,2025-09-19,Travel,100000
EXP00984,D002,2025-09-14,Salary,187000
EXP00985,D002,2025-09-10,Salary,10000
EXP00986,D002,2025-09-13,Salary,87000
EXP00987,D002,2025-09-01,Travel,160000
EXP00988,D002,2025-09-06,Salary,60000
EXP00989,D002,2025-09-19,Office Supplies,151000
EXP00990,D002,2025-09-18,Training,175000
EXP00991,D003,2025-09-07,Utilities,157000
EXP00992,D003,2025-09-04,Maintenance,164000
EXP00993,D003,2025-09-17,Utilities,50000
EXP00994,D003,2025-09-04,Travel,17000
EXP00995,D003,2025-09-17,Travel,53000
EXP00996,D003,2025-09-20,Office Supplies,129000
EXP00997,D003,2025-09-21,Maintenance,25000
EXP00998,D003,2025-09-25,Salary,185000
EXP00999,D003,2025-09-23,Software,46000
EXP01000,D003,2025-09-09,Marketing,100000
EXP01001,D003,2025-09-09,Utilities,18000
EXP01002,D003,2025-09-03,Travel,159000
EXP01003,D003,2025-09-15,Software,59000
EXP01004,D003,2025-09-02,Maintenance,15000
EXP01005,D003,2025-09-19,Marketing,111000
EXP01006,D004,2025-09-02,Salary,122000
EXP01007,D004,2025-09-08,Marketing,73000
EXP01008,D004,2025-09-19,Salary,50000
EXP01009,D004,2025-09-01,Utilities,90000
EXP01010,D004,2025-09-14,Office Supplies,87000
EXP01011,D004,2025-09-03,Training,136000
EXP01012,D004,2025-09-13,Marketing,183000
EXP01013,D004,2025-09-10,Marketing,115000
EXP01014,D004,2025-09-16,Maintenance,192000
EXP01015,D004,2025-09-03,Salary,72000
EXP01016,D004,2025-09-12,Utilities,53000
EXP01017,D004,2025-09-01,Maintenance,57000
EXP01018,D004,2025-09-18,Training,111000
EXP01019,D004,2025-09-11,Software,39000
EXP01020,D004,2025-09-13,Maintenance,95000
EXP01021,D005,2025-09-14,Travel,41000
EXP01022,D005,2025-09-08,Software,151000
EXP01023,D005,2025-09-15,Maintenance,58000
EXP01024,D005,2025-09-08,Training,98000
EXP01025,D005,2025-09-09,Maintenance,18000
EXP01026,D005,2025-09-26,Salary,97000
EXP01027,D005,2025-09-23,Utilities,71000
EXP01028,D005,2025-09-07,Utilities,33000
EXP01029,D005,2025-09-27,Training,149000
EXP01030,D005,2025-09-15,Utilities,152000
EXP01031,D005,2025-09-06,Office Supplies,71000
EXP01032,D005,2025-09-07,Software,100000
EXP01033,D005,2025-09-21,Maintenance,106000
EXP01034,D005,2025-09-16,Marketing,86000
EXP01035,D005,2025-09-28,Marketing,68000
EXP01036,D006,2025-09-05,Office Supplies,182000
EXP01037,D006,2025-09-15,Training,162000
EXP01038,D006,2025-09-08,Software,146000
EXP01039,D006,2025-09-17,Maintenance,165000
EXP01040,D006,2025-09-28,Marketing,42000
EXP01041,D006,2025-09-17,Travel,183000
EXP01042,D006,2025-09-28,Travel,148000
EXP01043,D006,2025-09-25,Training,198000
EXP01044,D006,2025-09-22,Maintenance,17000
EXP01045,D006,2025-09-01,Utilities,89000
EXP01046,D006,2025-09-03,Maintenance,191000
EXP01047,D006,2025-09-11,Utilities,69000
EXP01048,D006,2025-09-04,Marketing,179000
EXP01049,D006,2025-09-12,Travel,153000
EXP01050,D006,2025-09-03,Training,59000
EXP01051,D007,2025-09-08,Training,32000
EXP01052,D007,2025-09-27,Training,42000
EXP01053,D007,2025-09-12,Maintenance,82000
EXP01054,D007,2025-09-25,Maintenance,128000
EXP01055,D007,2025-09-06,Utilities,80000
EXP01056,D007,2025-09-22,Salary,103000
EXP01057,D007,2025-09-01,Software,115000
EXP01058,D007,2025-09-28,Office Supplies,73000
EXP01059,D007,2025-09-21,Maintenance,100000
EXP01060,D007,2025-09-10,Travel,56000
EXP01061,D007,2025-09-20,Travel,79000
EXP01062,D007,2025-09-22,Marketing,192000
EXP01063,D007,2025-09-02,Salary,113000
EXP01064,D007,2025-09-07,Utilities,120000
EXP01065,D007,2025-09-13,Training,49000
EXP01066,D008,2025-09-10,Salary,151000
EXP01067,D008,2025-09-27,Utilities,154000
EXP01068,D008,2025-09-16,Marketing,155000
EXP01069,D008,2025-09-22,Training,121000
EXP01070,D008,2025-09-04,Software,10000
EXP01071,D008,2025-09-28,Training,20000
EXP01072,D008,2025-09-22,Salary,72000
EXP01073,D008,2025-09-26,Travel,19000
EXP01074,D008,2025-09-25,Software,63000
EXP01075,D008,2025-09-14,Software,32000
EXP01076,D008,2025-09-27,Maintenance,167000
EXP01077,D008,2025-09-17,Marketing,81000
EXP01078,D008,2025-09-14,Travel,99000
EXP01079,D008,2025-09-23,Office Supplies,97000
EXP01080,D008,2025-09-02,Office Supplies,140000
EXP01081,D001,2025-10-22,Marketing,119000
EXP01082,D001,2025-10-25,Utilities,135000
EXP01083,D001,2025-10-23,Marketing,21000
EXP01084,D001,2025-10-18,Training,54000
EXP01085,D001,2025-10-08,Utilities,173000
EXP01086,D001,2025-10-02,Training,73000
EXP01087,D001,2025-10-12,Utilities,101000
EXP01088,D001,2025-10-07,Maintenance,33000
EXP01089,D001,2025-10-05,Training,45000
EXP01090,D001,2025-10-16,Office Supplies,181000
EXP01091,D001,2025-10-08,Marketing,190000
EXP01092,D001,2025-10-23,Salary,141000
EXP01093,D001,2025-10-21,Office Supplies,44000
EXP01094,D001,2025-10-10,Software,188000
EXP01095,D001,2025-10-05,Utilities,191000
EXP01096,D002,2025-10-21,Marketing,95000
EXP01097,D002,2025-10-14,Travel,150000
EXP01098,D002,2025-10-22,Utilities,183000
EXP01099,D002,2025-10-15,Utilities,163000
EXP01100,D002,2025-10-04,Maintenance,62000
EXP01101,D002,2025-10-12,Training,13000
EXP01102,D002,2025-10-02,Office Supplies,62000
EXP01103,D002,2025-10-10,Salary,81000
EXP01104,D002,2025-10-23,Marketing,38000
EXP01105,D002,2025-10-04,Training,124000
EXP01106,D002,2025-10-15,Utilities,93000
EXP01107,D002,2025-10-12,Office Supplies,155000
EXP01108,D002,2025-10-18,Training,53000
EXP01109,D002,2025-10-01,Travel,21000
EXP01110,D002,2025-10-03,Office Supplies,134000
EXP01111,D003,2025-10-19,Software,199000
EXP01112,D003,2025-10-21,Training,37000
EXP01113,D003,2025-10-16,Office Supplies,121000
EXP01114,D003,2025-10-11,Marketing,149000
EXP01115,D003,2025-10-03,Salary,101000
EXP01116,D003,2025-10-20,Training,170000
EXP01117,D003,2025-10-08,Training,177000
EXP01118,D003,2025-10-24,Travel,45000
EXP01119,D003,2025-10-25,Salary,16000
EXP01120,D003,2025-10-10,Maintenance,47000
EXP01121,D003,2025-10-21,Software,57000
EXP01122,D003,2025-10-26,Utilities,36000
EXP01123,D003,2025-10-11,Training,167000
EXP01124,D003,2025-10-21,Maintenance,57000
EXP01125,D003,2025-10-08,Software,91000
EXP01126,D004,2025-10-18,Software,44000
EXP01127,D004,2025-10-08,Software,74000
EXP01128,D004,2025-10-04,Salary,20000
EXP01129,D004,2025-10-07,Maintenance,22000
EXP01130,D004,2025-10-16,Office Supplies,118000
EXP01131,D004,2025-10-20,Utilities,86000
EXP01132,D004,2025-10-23,Travel,46000
EXP01133,D004,2025-10-05,Marketing,51000
EXP01134,D004,2025-10-13,Office Supplies,173000
EXP01135,D004,2025-10-28,Travel,20000
EXP01136,D004,2025-10-07,Office Supplies,132000
EXP01137,D004,2025-10-12,Marketing,195000
EXP01138,D004,2025-10-27,Salary,18000
EXP01139,D004,2025-10-10,Maintenance,46000
EXP01140,D004,2025-10-02,Travel,179000
EXP01141,D005,2025-10-03,Maintenance,96000
EXP01142,D005,2025-10-22,Office Supplies,12000
EXP01143,D005,2025-10-06,Utilities,195000
EXP01144,D005,2025-10-01,Maintenance,85000
EXP01145,D005,2025-10-22,Office Supplies,154000
EXP01146,D005,2025-10-07,Software,155000
EXP01147,D005,2025-10-18,Office Supplies,31000
EXP01148,D005,2025-10-15,Software,142000
EXP01149,D005,2025-10-21,Maintenance,146000
EXP01150,D005,2025-10-20,Utilities,112000
EXP01151,D005,2025-10-24,Travel,25000
EXP01152,D005,2025-10-22,Software,165000
EXP01153,D005,2025-10-19,Training,154000
EXP01154,D005,2025-10-16,Maintenance,104000
EXP01155,D005,2025-10-28,Utilities,86000
EXP01156,D006,2025-10-21,Software,145000
EXP01157,D006,2025-10-08,Salary,58000
EXP01158,D006,2025-10-03,Office Supplies,186000
EXP01159,D006,2025-10-19,Utilities,179000
EXP01160,D006,2025-10-19,Software,152000
EXP01161,D006,2025-10-17,Maintenance,102000
EXP01162,D006,2025-10-15,Marketing,154000
EXP01163,D006,2025-10-04,Maintenance,76000
EXP01164,D006,2025-10-07,Marketing,56000
EXP01165,D006,2025-10-28,Travel,66000
EXP01166,D006,2025-10-04,Training,176000
EXP01167,D006,2025-10-22,Marketing,145000
EXP01168,D006,2025-10-16,Training,191000
EXP01169,D006,2025-10-15,Marketing,151000
EXP01170,D006,2025-10-19,Marketing,148000
EXP01171,D007,2025-10-17,Travel,198000
EXP01172,D007,2025-10-22,Travel,114000
EXP01173,D007,2025-10-05,Travel,122000
EXP01174,D007,2025-10-24,Travel,170000
EXP01175,D007,2025-10-27,Travel,127000
EXP01176,D007,2025-10-06,Maintenance,149000
EXP01177,D007,2025-10-16,Marketing,154000
EXP01178,D007,2025-10-12,Travel,45000
EXP01179,D007,2025-10-08,Salary,113000
EXP01180,D007,2025-10-02,Salary,105000
EXP01181,D007,2025-10-20,Salary,189000
EXP01182,D007,2025-10-10,Marketing,127000
EXP01183,D007,2025-10-05,Travel,191000
EXP01184,D007,2025-10-20,Maintenance,32000
EXP01185,D007,2025-10-04,Marketing,154000
EXP01186,D008,2025-10-12,Software,53000
EXP01187,D008,2025-10-22,Software,198000
EXP01188,D008,2025-10-04,Salary,75000
EXP01189,D008,2025-10-17,Marketing,105000
EXP01190,D008,2025-10-16,Software,194000
EXP01191,D008,2025-10-12,Salary,164000
EXP01192,D008,2025-10-18,Travel,101000
EXP01193,D008,2025-10-04,Software,164000
EXP01194,D008,2025-10-08,Salary,182000
EXP01195,D008,2025-10-07,Training,100000
EXP01196,D008,2025-10-27,Office Supplies,15000
EXP01197,D008,2025-10-26,Office Supplies,39000
EXP01198,D008,2025-10-04,Salary,134000
EXP01199,D008,2025-10-06,Travel,76000
EXP01200,D008,2025-10-10,Utilities,151000
EXP01201,D001,2025-11-19,Maintenance,46000
EXP01202,D001,2025-11-23,Training,147000
EXP01203,D001,2025-11-01,Training,123000
EXP01204,D001,2025-11-05,Salary,97000
EXP01205,D001,2025-11-16,Office Supplies,138000
EXP01206,D001,2025-11-03,Salary,19000
EXP01207,D001,2025-11-27,Utilities,168000
EXP01208,D001,2025-11-06,Maintenance,131000
EXP01209,D001,2025-11-08,Office Supplies,110000
EXP01210,D001,2025-11-11,Travel,102000
EXP01211,D001,2025-11-05,Marketing,89000
EXP01212,D001,2025-11-06,Salary,64000
EXP01213,D001,2025-11-15,Software,196000
EXP01214,D001,2025-11-15,Software,157000
EXP01215,D001,2025-11-11,Maintenance,100000
EXP01216,D002,2025-11-19,Salary,95000
EXP01217,D002,2025-11-08,Office Supplies,95000
EXP01218,D002,2025-11-15,Salary,73000
EXP01219,D002,2025-11-05,Salary,171000
EXP01220,D002,2025-11-13,Utilities,79000
EXP01221,D002,2025-11-17,Training,26000
EXP01222,D002,2025-11-19,Training,101000
EXP01223,D002,2025-11-02,Utilities,188000
EXP01224,D002,2025-11-25,Travel,61000
EXP01225,D002,2025-11-19,Maintenance,172000
EXP01226,D002,2025-11-26,Travel,102000
EXP01227,D002,2025-11-28,Training,70000
EXP01228,D002,2025-11-03,Utilities,184000
EXP01229,D002,2025-11-24,Training,97000
EXP01230,D002,2025-11-28,Software,140000
EXP01231,D003,2025-11-28,Marketing,99000
EXP01232,D003,2025-11-02,Maintenance,95000
EXP01233,D003,2025-11-11,Software,181000
EXP01234,D003,2025-11-12,Office Supplies,138000
EXP01235,D003,2025-11-12,Marketing,70000
EXP01236,D003,2025-11-07,Utilities,44000
EXP01237,D003,2025-11-15,Salary,181000
EXP01238,D003,2025-11-13,Maintenance,124000
EXP01239,D003,2025-11-19,Training,53000
EXP01240,D003,2025-11-10,Travel,46000
EXP01241,D003,2025-11-24,Training,74000
EXP01242,D003,2025-11-07,Software,28000
EXP01243,D003,2025-11-06,Travel,159000
EXP01244,D003,2025-11-12,Training,158000
EXP01245,D003,2025-11-25,Office Supplies,101000
EXP01246,D004,2025-11-28,Maintenance,194000
EXP01247,D004,2025-11-11,Travel,134000
EXP01248,D004,2025-11-09,Utilities,80000
EXP01249,D004,2025-11-21,Salary,52000
EXP01250,D004,2025-11-23,Training,70000
EXP01251,D004,2025-11-02,Salary,65000
EXP01252,D004,2025-11-07,Maintenance,124000
EXP01253,D004,2025-11-21,Training,138000
EXP01254,D004,2025-11-08,Travel,60000
EXP01255,D004,2025-11-20,Salary,43000
EXP01256,D004,2025-11-03,Salary,30000
EXP01257,D004,2025-11-05,Software,194000
EXP01258,D004,2025-11-09,Salary,58000
EXP01259,D004,2025-11-11,Salary,173000
EXP01260,D004,2025-11-11,Salary,64000
EXP01261,D005,2025-11-21,Software,16000
EXP01262,D005,2025-11-20,Office Supplies,113000
EXP01263,D005,2025-11-02,Software,54000
EXP01264,D005,2025-11-03,Maintenance,21000
EXP01265,D005,2025-11-20,Software,136000
EXP01266,D005,2025-11-15,Maintenance,75000
EXP01267,D005,2025-11-11,Salary,16000
EXP01268,D005,2025-11-14,Software,24000
EXP01269,D005,2025-11-03,Software,50000
EXP01270,D005,2025-11-07,Salary,49000
EXP01271,D005,2025-11-25,Utilities,145000
EXP01272,D005,2025-11-27,Travel,101000
EXP01273,D005,2025-11-12,Software,118000
EXP01274,D005,2025-11-20,Utilities,178000
EXP01275,D005,2025-11-24,Software,68000
EXP01276,D006,2025-11-16,Training,192000
EXP01277,D006,2025-11-10,Salary,175000
EXP01278,D006,2025-11-09,Office Supplies,153000
EXP01279,D006,2025-11-17,Software,143000
EXP01280,D006,2025-11-09,Training,43000
EXP01281,D006,2025-11-16,Salary,152000
EXP01282,D006,2025-11-26,Travel,177000
EXP01283,D006,2025-11-21,Software,48000
EXP01284,D006,2025-11-25,Marketing,112000
EXP01285,D006,2025-11-20,Travel,17000
EXP01286,D006,2025-11-02,Utilities,41000
EXP01287,D006,2025-11-25,Marketing,152000
EXP01288,D006,2025-11-20,Utilities,76000
EXP01289,D006,2025-11-05,Software,198000
EXP01290,D006,2025-11-28,Utilities,198000
EXP01291,D007,2025-11-01,Utilities,145000
EXP01292,D007,2025-11-08,Software,191000
EXP01293,D007,2025-11-07,Office Supplies,137000
EXP01294,D007,2025-11-15,Software,109000
EXP01295,D007,2025-11-26,Marketing,92000
EXP01296,D007,2025-11-22,Salary,37000
EXP01297,D007,2025-11-26,Salary,26000
EXP01298,D007,2025-11-28,Maintenance,182000
EXP01299,D007,2025-11-08,Software,25000
EXP01300,D007,2025-11-13,Maintenance,114000
EXP01301,D007,2025-11-09,Marketing,17000
EXP01302,D007,2025-11-23,Salary,77000
EXP01303,D007,2025-11-08,Maintenance,71000
EXP01304,D007,2025-11-11,Software,62000
EXP01305,D007,2025-11-09,Maintenance,174000
EXP01306,D008,2025-11-07,Training,137000
EXP01307,D008,2025-11-28,Utilities,132000
EXP01308,D008,2025-11-27,Training,44000
EXP01309,D008,2025-11-03,Training,82000
EXP01310,D008,2025-11-16,Software,11000
EXP01311,D008,2025-11-11,Marketing,51000
EXP01312,D008,2025-11-19,Office Supplies,64000
EXP01313,D008,2025-11-28,Salary,63000
EXP01314,D008,2025-11-25,Software,21000
EXP01315,D008,2025-11-14,Office Supplies,56000
EXP01316,D008,2025-11-22,Utilities,86000
EXP01317,D008,2025-11-05,Salary,38000
EXP01318,D008,2025-11-10,Salary,44000
EXP01319,D008,2025-11-24,Utilities,138000
EXP01320,D008,2025-11-25,Software,34000
EXP01321,D001,2025-12-22,Utilities,128000
EXP01322,D001,2025-12-14,Maintenance,33000
EXP01323,D001,2025-12-22,Software,174000
EXP01324,D001,2025-12-02,Maintenance,95000
EXP01325,D001,2025-12-26,Marketing,61000
EXP01326,D001,2025-12-05,Salary,19000
EXP01327,D001,2025-12-14,Marketing,157000
EXP01328,D001,2025-12-01,Travel,196000
EXP01329,D001,2025-12-03,Salary,91000
EXP01330,D001,2025-12-16,Travel,40000
EXP01331,D001,2025-12-14,Utilities,144000
EXP01332,D001,2025-12-08,Salary,55000
EXP01333,D001,2025-12-24,Utilities,172000
EXP01334,D001,2025-12-12,Travel,145000
EXP01335,D001,2025-12-12,Office Supplies,29000
EXP01336,D002,2025-12-24,Marketing,67000
EXP01337,D002,2025-12-23,Travel,79000
EXP01338,D002,2025-12-09,Utilities,13000
EXP01339,D002,2025-12-02,Training,27000
EXP01340,D002,2025-12-02,Marketing,140000
EXP01341,D002,2025-12-12,Maintenance,152000
EXP01342,D002,2025-12-11,Training,12000
EXP01343,D002,2025-12-15,Salary,177000
EXP01344,D002,2025-12-11,Training,150000
EXP01345,D002,2025-12-09,Maintenance,193000
EXP01346,D002,2025-12-11,Maintenance,118000
EXP01347,D002,2025-12-05,Maintenance,108000
EXP01348,D002,2025-12-14,Maintenance,108000
EXP01349,D002,2025-12-01,Utilities,172000
EXP01350,D002,2025-12-17,Marketing,165000
EXP01351,D003,2025-12-20,Training,187000
EXP01352,D003,2025-12-27,Maintenance,71000
EXP01353,D003,2025-12-04,Marketing,179000
EXP01354,D003,2025-12-26,Travel,168000
EXP01355,D003,2025-12-02,Salary,193000
EXP01356,D003,2025-12-18,Maintenance,187000
EXP01357,D003,2025-12-21,Software,185000
EXP01358,D003,2025-12-22,Office Supplies,150000
EXP01359,D003,2025-12-19,Software,126000
EXP01360,D003,2025-12-24,Salary,131000
EXP01361,D003,2025-12-11,Office Supplies,140000
EXP01362,D003,2025-12-27,Maintenance,70000
EXP01363,D003,2025-12-23,Maintenance,100000
EXP01364,D003,2025-12-17,Travel,110000
EXP01365,D003,2025-12-22,Training,166000
EXP01366,D004,2025-12-21,Software,28000
EXP01367,D004,2025-12-25,Marketing,166000
EXP01368,D004,2025-12-27,Training,77000
EXP01369,D004,2025-12-12,Office Supplies,194000
EXP01370,D004,2025-12-08,Office Supplies,156000
EXP01371,D004,2025-12-25,Utilities,26000
EXP01372,D004,2025-12-07,Software,144000
EXP01373,D004,2025-12-08,Utilities,103000
EXP01374,D004,2025-12-27,Utilities,49000
EXP01375,D004,2025-12-21,Office Supplies,55000
EXP01376,D004,2025-12-13,Salary,92000
EXP01377,D004,2025-12-04,Software,119000
EXP01378,D004,2025-12-23,Maintenance,49000
EXP01379,D004,2025-12-04,Training,106000
EXP01380,D004,2025-12-22,Software,101000
EXP01381,D005,2025-12-22,Training,125000
EXP01382,D005,2025-12-13,Travel,80000
EXP01383,D005,2025-12-23,Training,124000
EXP01384,D005,2025-12-21,Travel,125000
EXP01385,D005,2025-12-26,Office Supplies,197000
EXP01386,D005,2025-12-05,Utilities,142000
EXP01387,D005,2025-12-05,Salary,184000
EXP01388,D005,2025-12-17,Software,135000
EXP01389,D005,2025-12-12,Marketing,169000
EXP01390,D005,2025-12-09,Software,107000
EXP01391,D005,2025-12-07,Salary,152000
EXP01392,D005,2025-12-09,Salary,156000
EXP01393,D005,2025-12-06,Salary,161000
EXP01394,D005,2025-12-18,Training,193000
EXP01395,D005,2025-12-09,Training,92000
EXP01396,D006,2025-12-27,Marketing,77000
EXP01397,D006,2025-12-17,Office Supplies,33000
EXP01398,D006,2025-12-07,Office Supplies,32000
EXP01399,D006,2025-12-26,Utilities,118000
EXP01400,D006,2025-12-25,Training,168000
EXP01401,D006,2025-12-23,Software,21000
EXP01402,D006,2025-12-12,Office Supplies,106000
EXP01403,D006,2025-12-25,Salary,192000
EXP01404,D006,2025-12-14,Training,114000
EXP01405,D006,2025-12-08,Training,100000
EXP01406,D006,2025-12-05,Maintenance,158000
EXP01407,D006,2025-12-19,Marketing,192000
EXP01408,D006,2025-12-22,Software,26000
EXP01409,D006,2025-12-28,Marketing,94000
EXP01410,D006,2025-12-25,Travel,30000
EXP01411,D007,2025-12-13,Office Supplies,107000
EXP01412,D007,2025-12-21,Maintenance,137000
EXP01413,D007,2025-12-19,Salary,37000
EXP01414,D007,2025-12-23,Office Supplies,128000
EXP01415,D007,2025-12-16,Maintenance,116000
EXP01416,D007,2025-12-15,Utilities,26000
EXP01417,D007,2025-12-05,Maintenance,135000
EXP01418,D007,2025-12-08,Salary,181000
EXP01419,D007,2025-12-18,Marketing,112000
EXP01420,D007,2025-12-10,Salary,184000
EXP01421,D007,2025-12-25,Software,109000
EXP01422,D007,2025-12-03,Office Supplies,40000
EXP01423,D007,2025-12-19,Marketing,29000
EXP01424,D007,2025-12-16,Salary,36000
EXP01425,D007,2025-12-19,Travel,65000
EXP01426,D008,2025-12-27,Office Supplies,24000
EXP01427,D008,2025-12-11,Marketing,192000
EXP01428,D008,2025-12-18,Office Supplies,24000
EXP01429,D008,2025-12-05,Maintenance,159000
EXP01430,D008,2025-12-28,Maintenance,22000
EXP01431,D008,2025-12-11,Utilities,92000
EXP01432,D008,2025-12-01,Marketing,142000
EXP01433,D008,2025-12-09,Utilities,147000
EXP01434,D008,2025-12-11,Training,32000
EXP01435,D008,2025-12-22,Maintenance,75000
EXP01436,D008,2025-12-13,Training,152000
EXP01437,D008,2025-12-02,Maintenance,184000
EXP01438,D008,2025-12-08,Training,87000
EXP01439,D008,2025-12-28,Maintenance,121000
EXP01440,D008,2025-12-07,Training,88000
